"","PROBEID","logFC","AveExpr","t","P.Value","adj.P.Val","B","SYMBOL","GENENAME"
"84","207334_s_at",-4.02641497527561,5.46361885214449,-10.3743767021216,1.13473082731705e-09,2.52852070251059e-05,11.7546689992341,"TGFBR2","transforming growth factor beta receptor 2"
"115","208900_s_at",-1.90474503764974,7.3175682392706,-8.81756444957398,1.82686669072766e-08,0.000135693568231615,9.3419363182615,"TOP1","DNA topoisomerase I"
"141","211277_x_at",-2.34176283756643,7.95072812026092,-8.9389552641222,1.45530037903218e-08,0.000135693568231615,9.54289288499321,"APP","amyloid beta precursor protein"
"136","210999_s_at",-1.41192705030603,8.46376667442212,-8.45663613756633,3.63242241459044e-08,0.000202353171660797,8.73109727429047,"GRB10","growth factor receptor bound protein 10"
"8","200796_s_at",-3.66725570138891,5.97000047399096,-8.09045746033922,7.42315849902178e-08,0.000275683734722837,8.09070390511306,"MCL1","MCL1 apoptosis regulator, BCL2 family member"
"325","AFFX-CreX-5_at",-1.50915003635833,12.1278135695098,-8.16583702787261,6.39829046903633e-08,0.000275683734722837,8.2242475219227,NA,NA
"13","201044_x_at",-4.68976416609724,6.76059531335528,-7.72350359544496,1.54668103885081e-07,0.00039995415670229,7.42782076250553,"DUSP1","dual specificity phosphatase 1"
"70","205461_at",-2.93645293854779,5.28227393468319,-7.77277372754434,1.40003736788708e-07,0.00039995415670229,7.51805979078521,"RAB35","RAB35, member RAS oncogene family"
"269","217248_s_at",-4.08296460561151,4.81683095143514,-7.70205343643363,1.61539622596626e-07,0.00039995415670229,7.38841462531128,"SLC7A8","solute carrier family 7 member 8"
"188","214040_s_at",-5.58226710545288,7.2416220272637,-7.41566533312447,2.90336855449596e-07,0.000646957614998334,6.85532868280944,"GSN","gelsolin"
"169","212574_x_at",-1.95573849775611,8.27416507079085,-7.3594965006352,3.26138986998793e-07,0.0006606686406631,6.74925803057702,"TMEM259","transmembrane protein 259"
"173","212937_s_at",-2.7768069371161,7.95094984360893,-7.15306982968398,5.01854972282379e-07,0.000860218026720634,6.35517960096361,"COL6A1","collagen type VI alpha 1 chain"
"327","AFFX-r2-P1-cre-3_at",-0.980361744071288,13.164394715286,-7.16651167807308,4.87881604229211e-07,0.000860218026720634,6.38104386694401,NA,NA
"121","209258_s_at",-1.27444592941525,5.5823697565842,-7.07639613938692,5.89838042924392e-07,0.000938811507891731,6.20710831770499,"SMC3","structural maintenance of chromosomes 3"
"324","AFFX-CreX-3_at",-1.16367399138555,12.8800636720826,-7.04286111134606,6.33174879437868e-07,0.000940602389234268,6.14205827809288,NA,NA
"162","212027_at",-1.43583489014697,7.85717321472665,-6.95547764521528,7.62188236259639e-07,0.00106149002928585,5.97173584855377,"RBM25","RNA binding motif protein 25"
"191","214251_s_at",-4.32231471880113,5.26452056933542,-6.91349729632796,8.33510090809771e-07,0.00109253560903024,5.88949083414346,"NUMA1","nuclear mitotic apparatus protein 1"
"311","221638_s_at",-2.22566792602068,5.59030414753193,-6.79489743062067,1.07450917747221e-06,0.00133018266675629,5.65567587880527,"STX16","syntaxin 16"
"189","214055_x_at",-1.38142854420944,8.85341001580234,-6.76608091447699,1.14322401729944e-06,0.00134076109355176,5.59854080056379,"PRRC2C","proline rich coiled-coil 2C"
"104","208452_x_at",-1.28866069580477,7.40718739016415,-6.65139050497185,1.46469160675028e-06,0.00146583573227144,5.36989504562343,"MYO9B","myosin IXB"
"118","208965_s_at",-1.83011192889125,9.01413495650858,-6.69266173588063,1.3394768332188e-06,0.00146583573227144,5.45240173449076,"IFI16","interferon gamma inducible protein 16"
"132","210787_s_at",-2.46144397003363,5.55087192713893,-6.63373648297091,1.52186876640091e-06,0.00146583573227144,5.33452415069882,"CAMKK2","calcium/calmodulin dependent protein kinase kinase 2"
"241","215600_x_at",-2.45874782353559,8.41952416264672,-6.61682742356686,1.57878461493132e-06,0.00146583573227144,5.30060205347579,"FBXW12","F-box and WD repeat domain containing 12"
"284","218228_s_at",-2.07824490130707,8.20149575461009,-6.63376589343302,1.52177162936935e-06,0.00146583573227144,5.33458311518383,"TNKS2","tankyrase 2"
"91","207657_x_at",-1.05633676062607,9.89079894186768,-6.58053864297905,1.70843479402141e-06,0.00152276210060716,5.22765713728453,"TNPO1","transportin 1"
"220","215084_s_at",0.768074015498454,7.89571106230958,6.56203064346723,1.77872186359137e-06,0.00152443304947718,5.19037824473552,"LRRC42","leucine rich repeat containing 42"
"328","AFFX-r2-P1-cre-5_at",-0.974080365516734,13.1917457076598,-6.52894490064586,1.91186307396942e-06,0.00157785351397261,5.12361013734398,NA,NA
"55","203890_s_at",-1.64126510632639,6.87740543801418,-6.40114890240333,2.52996424529378e-06,0.00163560320140526,4.86420060657928,"DAPK3","death associated protein kinase 3"
"130","210508_s_at",1.89415264631895,4.86024914624682,6.4526226633539,2.25945886150975e-06,0.00163560320140526,4.96897335066742,"KCNQ2","potassium voltage-gated channel subfamily Q member 2"
"143","211386_at",-2.89097463097331,5.29840365794453,-6.39515354673611,2.56356237123158e-06,0.00163560320140526,4.85197225267367,NA,NA
"165","212107_s_at",-2.39008947415201,6.33842031289605,-6.43133428239097,2.36754097936178e-06,0.00163560320140526,4.92568852941467,"DHX9","DExH-box helicase 9"
"214","214902_x_at",-1.85869454489491,8.30960704806344,-6.4843805509051,2.10755008897072e-06,0.00163560320140526,5.03342216275505,NA,NA
"233","215434_x_at",-1.86153841546169,8.41121130284272,-6.44790621016241,2.28295958171867e-06,0.00163560320140526,4.95938928082641,"NBPF1","NBPF member 1"
"234","215434_x_at",-1.86153841546169,8.41121130284272,-6.44790621016241,2.28295958171867e-06,0.00163560320140526,4.95938928082641,"NBPF10","NBPF member 10"
"235","215434_x_at",-1.86153841546169,8.41121130284272,-6.44790621016241,2.28295958171867e-06,0.00163560320140526,4.95938928082641,"NBPF19","NBPF member 19"
"236","215434_x_at",-1.86153841546169,8.41121130284272,-6.44790621016241,2.28295958171867e-06,0.00163560320140526,4.95938928082641,"LOC102724250","neuroblastoma breakpoint family member 1-like"
"238","215553_x_at",-0.858152890382234,8.20806010352611,-6.45692791197666,2.23822384460655e-06,0.00163560320140526,4.97771899224377,NA,NA
"307","221017_s_at",-1.98050881616179,4.02612067370955,-6.39418221284644,2.5690486940351e-06,0.00163560320140526,4.84999059288626,"LRRC3","leucine rich repeat containing 3"
"308","221031_s_at",-2.39432205726062,9.10390072831762,-6.36739482337406,2.72519367668481e-06,0.00168681918604355,4.79528669662956,"APOLD1","apolipoprotein L domain containing 1"
"179","213167_s_at",1.60476598773261,6.42718954965494,6.3278504905594,2.97370166103585e-06,0.00174376300297005,4.71434213181947,"SLC5A3","solute carrier family 5 member 3"
"262","216604_s_at",-2.6062045674521,6.995896033155,-6.33831610318406,2.90575286183912e-06,0.00174376300297005,4.73578639576971,"SLC7A8","solute carrier family 7 member 8"
"317","222115_x_at",-1.45925632281359,7.64495682963136,-6.29610571993895,3.18994830584957e-06,0.00182260559228836,4.64920054765071,"GLYR1","glyoxylate reductase 1 homolog"
"21","201465_s_at",-3.94686452581389,7.90138743975067,-6.26148416523416,3.44425032620114e-06,0.00182733880997,4.57799205567923,"JUN","Jun proto-oncogene, AP-1 transcription factor subunit"
"144","211454_x_at",-0.949080763403568,9.22284703756211,-6.26619737658817,3.40844354163986e-06,0.00182733880997,4.5876960361202,"FKSG49","hepatocellular carcinoma-associated antigen HCA25b"
"168","212362_at",-1.30595630391236,6.35807872334368,-6.27353905415031,3.35342649059413e-06,0.00182733880997,4.60280546808077,"ATP2A2","ATPase sarcoplasmic/endoplasmic reticulum Ca2+ transporting 2"
"187","213986_s_at",-2.33692927033885,7.30768180395772,-6.22204993192011,3.75936711789037e-06,0.0019481390113477,4.49667842158348,"TMEM259","transmembrane protein 259"
"228","215208_x_at",-2.70060066980052,5.26550980787916,-6.19087212558822,4.02933370009427e-06,0.00204058279180001,4.43223493676251,"RPL35A","ribosomal protein L35a"
"110","208629_s_at",-1.80696627011929,9.20173412127783,-6.17003177359734,4.22079548203351e-06,0.00209004412724784,4.38908294745556,"HADHA","hydroxyacyl-CoA dehydrogenase trifunctional multienzyme complex subunit alpha"
"38","202773_s_at",-2.41840419523119,5.84844893970701,-6.15759137153538,4.33950486932935e-06,0.00210211276094056,4.36329510658624,"SFSWAP","splicing factor SWAP"
"24","201679_at",-2.83491638379732,5.36895286220034,-6.13397564005554,4.57435034432816e-06,0.00211818785550562,4.31428288312573,"SRRT","serrate, RNA effector molecule"
"186","213799_s_at",-2.05437212084765,6.64132186774707,-6.12587574974256,4.65786496072232e-06,0.00211818785550562,4.29745460582924,"PTPRA","protein tyrosine phosphatase receptor type A"
"322","222339_x_at",-2.87936951781785,5.30368187426447,-6.12970043599175,4.61823732023108e-06,0.00211818785550562,4.3054018735335,"NFIX","nuclear factor I X"
"12","200917_s_at",-3.07386220416698,6.64430200051776,-6.04159244838209,5.62536726671101e-06,0.00241057805392541,4.12181594284755,"SRPRA","SRP receptor subunit alpha"
"270","217263_x_at",-2.26011443322947,5.17805221270413,-6.05504992534303,5.45806859857273e-06,0.00241057805392541,4.14992483140143,"RUNX1","RUNX family transcription factor 1"
"271","217263_x_at",-2.26011443322947,5.17805221270413,-6.05504992534303,5.45806859857273e-06,0.00241057805392541,4.14992483140143,"LOC100506403","uncharacterized LOC100506403"
"313","221745_at",-1.33848018424933,7.7866434492373,-6.04688213105213,5.55899037068004e-06,0.00241057805392541,4.13286751948569,"DCAF7","DDB1 and CUL4 associated factor 7"
"149","211876_x_at",-4.36566767514853,5.17301283320432,-5.99607867388358,6.23110245580496e-06,0.00261976709476796,4.02657011341233,"PCDHGA11","protocadherin gamma subfamily A, 11"
"9","200797_s_at",-1.08180915431882,12.1557445344553,-5.90524577171356,7.64747040291505e-06,0.0027552609915006,3.83566471853317,"MCL1","MCL1 apoptosis regulator, BCL2 family member"
"11","200879_s_at",-1.785224393083,7.38939744943382,-5.90330882906393,7.68102494207556e-06,0.0027552609915006,3.83158204703246,"EPAS1","endothelial PAS domain protein 1"
"19","201296_s_at",-1.10542493659989,10.2016572902373,-5.94332633916381,7.01737574517476e-06,0.0027552609915006,3.91583140577817,"WSB1","WD repeat and SOCS box containing 1"
"26","201711_x_at",-1.02460259455175,9.02049757416465,-5.92278169318627,7.35042522554776e-06,0.0027552609915006,3.87260460029025,"RANBP2","RAN binding protein 2"
"45","203455_s_at",-0.966852326157072,11.5918057965418,-5.94933460232737,6.92292272826482e-06,0.0027552609915006,3.9284625943082,"SAT1","spermidine/spermine N1-acetyltransferase 1"
"47","203485_at",1.26030965523975,8.2219911388099,5.90377329309436,7.67296512407289e-06,0.0027552609915006,3.83256108477871,"RTN1","reticulon 1"
"109","208624_s_at",-1.39289275674181,8.17090026181709,-5.9558138361527,6.82252209110905e-06,0.0027552609915006,3.94207858833477,"EIF4G1","eukaryotic translation initiation factor 4 gamma 1"
"120","209226_s_at",-1.08352192523856,9.33388284730729,-5.91660709505138,7.45364846200818e-06,0.0027552609915006,3.85960221026355,"TNPO1","transportin 1"
"134","210935_s_at",-1.14772606294628,6.84345422799801,-5.8970853427914,7.78985964477575e-06,0.0027552609915006,3.81846094353083,"WDR1","WD repeat domain 1"
"326","AFFX-HUMRGE/M10098_M_at",-2.22413090911606,3.48552836037013,-5.89761301894173,7.78057091189063e-06,0.0027552609915006,3.81957364858561,NA,NA
"14","201070_x_at",-1.2721753662699,9.1036110735577,-5.85718621987042,8.52608784916311e-06,0.00291947799613081,3.73422213308782,"SF3B1","splicing factor 3b subunit 1"
"63","204786_s_at",-1.14542569954337,7.10363850275763,-5.86142896997375,8.44453051576365e-06,0.00291947799613081,3.74318954259583,"IFNAR2","interferon alpha and beta receptor subunit 2"
"243","215607_x_at",-2.26744721999635,5.62594024321068,-5.85096171403502,8.64719955771814e-06,0.00291947799613081,3.72106195305619,NA,NA
"152","211962_s_at",-0.924029804142753,11.2974330254528,-5.83718074711859,8.92163436450098e-06,0.00292354086094375,3.69190793316218,"ZFP36L1","ZFP36 ring finger protein like 1"
"193","214564_s_at",-1.53796913716852,7.13996119646952,-5.84089962959215,8.84671093782011e-06,0.00292354086094375,3.6997777132405,"PCDHGC3","protocadherin gamma subfamily C, 3"
"178","213048_s_at",-0.776887045290959,11.3420135315715,-5.80871702348467,9.51699026900565e-06,0.00294537630783685,3.63161590796573,NA,NA
"192","214305_s_at",-1.19260729216894,9.43388251354681,-5.82673085908075,9.13565594253253e-06,0.00294537630783685,3.66978482039385,"SF3B1","splicing factor 3b subunit 1"
"305","220942_x_at",0.785625360180742,11.1502464022727,5.81949592931964,9.28690007228375e-06,0.00294537630783685,3.65445989079797,"FAM162A","family with sequence similarity 162 member A"
"309","221317_x_at",2.11169404633813,6.33644481853173,5.81311365035345,9.42244304757351e-06,0.00294537630783685,3.64093554813348,"PCDHB6","protocadherin beta 6"
"276","217679_x_at",-1.87052280296974,8.74723709026295,-5.76625148570699,1.04816283670066e-05,0.0031994811630412,3.54147603344835,NA,NA
"53","203848_at",-0.797070617535134,8.47218224554127,-5.75366229337317,1.07863771836259e-05,0.00320470457043648,3.5147103667289,"AKAP8","A-kinase anchoring protein 8"
"57","203974_at",0.752331613037009,8.89008153169655,5.75519834768746,1.07487140792949e-05,0.00320470457043648,3.51797719460022,"PUDP","pseudouridine 5'-phosphatase"
"299","220464_at",-1.22952335262083,6.93826593877894,-5.73312650054483,1.13030443944283e-05,0.00331402287159272,3.47100765071914,"MCF2L","MCF.2 cell line derived transforming sequence like"
"23","201659_s_at",0.754248447023542,9.76047073708869,5.71849690144527,1.16864713744332e-05,0.00337900205173619,3.43984253295118,"ARL1","ARF like GTPase 1"
"105","208459_s_at",-1.0414914736716,7.81026238919399,-5.70763984341207,1.19795881204128e-05,0.00337900205173619,3.4166971244771,"XPO7","exportin 7"
"106","208532_x_at",-1.05262524866326,5.46804994877463,-5.70941445597629,1.1931169230729e-05,0.00337900205173619,3.42048127653029,"KRTAP5-8","keratin associated protein 5-8"
"34","202434_s_at",-3.4121982169363,5.49076106462688,-5.66807257160465,1.31128391181491e-05,0.00352040233818935,3.33222590488232,"CYP1B1","cytochrome P450 family 1 subfamily B member 1"
"49","203542_s_at",-1.43957065251873,8.80358976387658,-5.67536725757314,1.28959740436367e-05,0.00352040233818935,3.34781329275321,"KLF9","KLF transcription factor 9"
"131","210679_x_at",-1.62518254031255,8.16999883248165,-5.67256745566583,1.2978773746222e-05,0.00352040233818935,3.3418313887721,"MORN3","MORN repeat containing 3"
"300","220540_at",2.58605276131247,5.05704787950119,5.67824865940515,1.28113239075476e-05,0.00352040233818935,3.35396855886859,"KCNK15","potassium two pore domain channel subfamily K member 15"
"5","200727_s_at",-0.9827807424364,9.04728397846637,-5.65001911474173,1.36656990379324e-05,0.00358250319602644,3.29362175407774,"ACTR2","actin related protein 2"
"78","206439_at",2.65833982752332,6.04045315308507,5.65403637537118,1.3540653337736e-05,0.00358250319602644,3.30221531156632,"EPYC","epiphycan"
"125","209740_s_at",1.0478203607842,7.39864047716167,5.63735398281663,1.40676951016343e-05,0.00364500523197344,3.26651652828648,"PNPLA4","patatin like domain 4, phospholipase and triacylglycerol lipase"
"4","200671_s_at",-4.11485696792351,5.66665325778596,-5.61135826545496,1.49310291080816e-05,0.00369675690683758,3.21082280583759,"SPTBN1","spectrin beta, non-erythrocytic 1"
"35","202601_s_at",-2.79910824048356,5.26368979995747,-5.61820983019991,1.46983695167234e-05,0.00369675690683758,3.22550940806789,"HTATSF1","HIV-1 Tat specific factor 1"
"60","204427_s_at",0.986009027304632,10.2505116013328,5.61501423107428,1.48064192806317e-05,0.00369675690683758,3.21866019566016,"TMED2","transmembrane p24 trafficking protein 2"
"266","216784_at",-1.14189906597422,4.51498157326541,-5.61905780471772,1.46698330122878e-05,0.00369675690683758,3.22732669404684,NA,NA
"7","200773_x_at",-0.650377589657637,12.6252484326746,-5.59031431893004,1.56693813879217e-05,0.00371192755320945,3.16568013595437,"PTMA","prothymosin alpha"
"59","204387_x_at",-1.00960940942723,8.77905519855322,-5.59236043223186,1.55959852395787e-05,0.00371192755320945,3.17007163149369,"MRPL57","mitochondrial ribosomal protein L57"
"147","211573_x_at",-1.96925987205231,5.60983929227053,-5.5874663578054,1.5772127373501e-05,0.00371192755320945,3.15956686034876,"TGM2","transglutaminase 2"
"181","213431_x_at",-1.75701388629227,6.67946621208596,-5.59552173853262,1.54832745898308e-05,0.00371192755320945,3.17685567230073,"SFI1","SFI1 centrin binding protein"
"304","220856_x_at",-1.5873322269998,11.0342463372084,-5.5860024373252,1.58252083451464e-05,0.00371192755320945,3.1564241257704,NA,NA
"237","215504_x_at",-1.13215141655772,8.37416261375159,-5.55987235264887,1.68039255386697e-05,0.00390043617477268,3.10028685436803,"ANKRD10-IT1","ANKRD10 intronic transcript 1"
"166","212113_at",-1.527194621837,5.27088243957505,-5.55379729082997,1.70401806184718e-05,0.00391449839918977,3.08722416076099,"ATXN7L3B","ataxin 7 like 3B"
"96","207953_at",-2.40626185028062,6.29798558934608,-5.51981182156862,1.84257355721599e-05,0.00410230336097522,3.01407113885331,NA,NA
"123","209489_at",-1.08609794726624,9.98482508546055,-5.51586042024665,1.85941138741865e-05,0.00410230336097522,3.00555741844398,"CELF1","CUGBP Elav-like family member 1"
"260","216234_s_at",-1.93869149912257,5.71464893612638,-5.52725264783864,1.81128703393794e-05,0.00410230336097522,3.030098466299,"PRKACA","protein kinase cAMP-activated catalytic subunit alpha"
"277","217713_x_at",-1.21569073813318,8.13162929639898,-5.51693140085279,1.8548322623138e-05,0.00410230336097522,3.00786513373278,NA,NA
"139","211040_x_at",-1.03105685571241,8.98434170577386,-5.50340778474096,1.91350775060682e-05,0.00418026403987958,2.97871550536482,"GTSE1","G2 and S-phase expressed 1"
"119","209034_at",-0.960090876173263,10.8876888414613,-5.49821896837192,1.93651967318082e-05,0.00418946290072702,2.96752582931128,"PNRC1","proline rich nuclear receptor coactivator 1"
"90","207598_x_at",-1.34054434871273,7.29922537594034,-5.48992343834399,1.97389688746642e-05,0.00422926387917445,2.94963035434665,"XRCC2","X-ray repair cross complementing 2"
"20","201464_x_at",-1.85353529467392,11.2340342162885,-5.45771071103438,2.12614353986671e-05,0.0042979193916614,2.88006820368059,"JUN","Jun proto-oncogene, AP-1 transcription factor subunit"
"93","207682_s_at",-1.82526642067366,3.56245445115357,-5.46497775284532,2.09078393226846e-05,0.0042979193916614,2.89577097320471,"KIF25","kinesin family member 25"
"128","210077_s_at",-1.70394528369526,6.19316110802853,-5.4582755276854,2.12337358403232e-05,0.0042979193916614,2.88128887579248,"SRSF5","serine and arginine rich splicing factor 5"
"161","212007_at",-1.38425689380601,9.03505109129514,-5.45151749596194,2.15675860099406e-05,0.0042979193916614,2.86668127207131,"UBXN4","UBX domain protein 4"
"230","215373_x_at",-2.01643493847361,8.27567012737254,-5.46400034953027,2.09550465360018e-05,0.0042979193916614,2.89365931375503,NA,NA
"275","217675_at",-2.52393989695633,2.90112929203041,-5.44790765580774,2.17480993047241e-05,0.0042979193916614,2.85887652136551,"ZBTB7C","zinc finger and BTB domain containing 7C"
"290","219392_x_at",-1.67177549276581,8.87542076151234,-5.46045582316794,2.11271547952645e-05,0.0042979193916614,2.88600056937875,"PRR11","proline rich 11"
"295","220071_x_at",-1.59080608820417,9.5342273551546,-5.45378335016269,2.14550601014329e-05,0.0042979193916614,2.87157950497302,"HAUS2","HAUS augmin like complex subunit 2"
"318","222122_s_at",-0.887908389503757,8.50978758681279,-5.44696858758713,2.17953099339289e-05,0.0042979193916614,2.85684595412798,"THOC2","THO complex subunit 2"
"302","220720_x_at",-2.51521637053556,7.75268571637164,-5.43901575641811,2.21993378739244e-05,0.00433919163021628,2.83964558102008,"MZT2B","mitotic spindle organizing protein 2B"
"122","209305_s_at",-2.24250577086349,9.41367145389292,-5.43133961713465,2.25965427612763e-05,0.00437842402043062,2.82303721516733,"GADD45B","growth arrest and DNA damage inducible beta"
"107","208610_s_at",-1.8347377577072,9.67252856041235,-5.42292844261292,2.30400986088626e-05,0.0043880557034298,2.80483129039134,"SRRM2","serine/arginine repetitive matrix 2"
"301","220595_at",1.61434849706366,7.19324476050272,5.42663068619169,2.28437820332996e-05,0.0043880557034298,2.81284569600135,"PDZRN4","PDZ domain containing ring finger 4"
"219","215067_x_at",-2.61360750466765,6.99637901161581,-5.41469140600565,2.34830640668408e-05,0.00439725308068415,2.78699501133618,"PRDX2","peroxiredoxin 2"
"263","216689_x_at",-1.15366653383833,8.67073049892327,-5.41705363078865,2.33551505570172e-05,0.00439725308068415,2.79211084971431,"ARHGAP1","Rho GTPase activating protein 1"
"51","203809_s_at",-2.48406538837777,5.79140229979116,-5.41104963600644,2.36816632493183e-05,0.00439748751820467,2.77910692495864,"AKT2","AKT serine/threonine kinase 2"
"124","209507_at",1.02644778544823,9.13616126926882,5.40343446002809,2.41024908821981e-05,0.00440226069121328,2.7626079142979,"RPA3","replication protein A3"
"306","220985_s_at",1.02263198945101,7.21699167194267,5.40393113241021,2.40748133020402e-05,0.00440226069121328,2.76368418850804,"RNF170","ring finger protein 170"
"30","202323_s_at",-1.21282610045953,7.94811186679069,-5.37948919250954,2.54760149055156e-05,0.0045139125730199,2.7106886729086,"ACBD3","acyl-CoA binding domain containing 3"
"68","205210_at",-2.20610863805567,5.31011773902205,-5.377940247588,2.55675605727711e-05,0.0045139125730199,2.7073281269921,"TGFBRAP1","transforming growth factor beta receptor associated protein 1"
"77","206373_at",2.13766266985141,10.7821597170581,5.37878932960016,2.55173367895015e-05,0.0045139125730199,2.70917030138819,"ZIC1","Zic family member 1"
"108","208621_s_at",-2.30926039322227,7.06404175759166,-5.37526187981258,2.57266479726037e-05,0.0045139125730199,2.70151663310856,"EZR","ezrin"
"281","218155_x_at",-1.02697217155387,8.64428260417885,-5.37841008368177,2.55397570273006e-05,0.0045139125730199,2.70834749594582,"TSR1","TSR1 ribosome maturation factor"
"182","213446_s_at",-1.29953248537736,7.32795280160625,-5.36387539089647,2.64142962561031e-05,0.00459835752714644,2.67680210283154,"IQGAP1","IQ motif containing GTPase activating protein 1"
"97","208078_s_at",-2.24320023483305,8.80858612624588,-5.33441577079623,2.82815051089135e-05,0.00484766752570708,2.61279817033929,"ZEB1","zinc finger E-box binding homeobox 1"
"98","208078_s_at",-2.24320023483305,8.80858612624588,-5.33441577079623,2.82815051089135e-05,0.00484766752570708,2.61279817033929,"SIK1","salt inducible kinase 1"
"99","208078_s_at",-2.24320023483305,8.80858612624588,-5.33441577079623,2.82815051089135e-05,0.00484766752570708,2.61279817033929,"LOC102724428","salt inducible kinase 1B (putative)"
"294","219906_at",-2.23509265953813,6.17705022833447,-5.33601591284447,2.81767179805349e-05,0.00484766752570708,2.61627689395341,"EBLN2","endogenous Bornavirus like nucleoprotein 2"
"17","201235_s_at",-2.22054249140383,7.43485209884048,-5.32336817850228,2.90158673432307e-05,0.00488659609043935,2.58877358843277,"BTG2","BTG anti-proliferation factor 2"
"61","204437_s_at",1.02936760546663,7.73274208602376,5.32397809072814,2.89748235851847e-05,0.00488659609043935,2.59010024922607,"FOLR1","folate receptor alpha"
"298","220261_s_at",0.974121867977505,8.97156750945561,5.32113715838075,2.91665072040764e-05,0.00488659609043935,2.58392043121149,"ZDHHC4","zinc finger DHHC-type palmitoyltransferase 4"
"79","206792_x_at",-1.95867931237554,10.2674063627097,-5.31733415420744,2.94251242997024e-05,0.0048931346624647,2.57564657957549,"PDE4C","phosphodiesterase 4C"
"80","206792_x_at",-1.95867931237554,10.2674063627097,-5.31733415420744,2.94251242997024e-05,0.0048931346624647,2.57564657957549,"CIST1","colon, intestine and stomach enriched 1"
"95","207885_at",1.03482622068448,3.33479460561782,5.30973674402501,2.99487789991487e-05,0.00492033421114331,2.55911327736256,"S100G","S100 calcium binding protein G"
"273","217607_x_at",-2.24046075920781,4.22007019668137,-5.3085659878286,3.00303124675982e-05,0.00492033421114331,2.55656499690471,"EIF4G2","eukaryotic translation initiation factor 4 gamma 2"
"111","208701_at",-0.869712167877275,7.01933813938728,-5.29620750464319,3.09048695206199e-05,0.00499024063426068,2.5296571409513,"APLP2","amyloid beta precursor like protein 2"
"164","212073_at",-1.17584675617438,8.14745352134025,-5.29624038826024,3.09025084502946e-05,0.00499024063426068,2.52972875767055,"CSNK2A1","casein kinase 2 alpha 1"
"135","210997_at",1.27115852790098,6.70235572345926,5.29302102249674,3.11345337218266e-05,0.00499115694189541,2.5227168480883,"HGF","hepatocyte growth factor"
"151","211948_x_at",-1.34099973226289,9.89849224056385,-5.2839852931574,3.17952616114086e-05,0.00502477882614906,2.50303124912371,"PRRC2C","proline rich coiled-coil 2C"
"156","211996_s_at",-1.91167322742936,9.78507871540659,-5.28474722258066,3.17390001304956e-05,0.00502477882614906,2.50469152619233,"NPIPB3","nuclear pore complex interacting protein family member B3"
"157","211996_s_at",-1.91167322742936,9.78507871540659,-5.28474722258066,3.17390001304956e-05,0.00502477882614906,2.50469152619233,"NPIPB4","nuclear pore complex interacting protein family member B4"
"158","211996_s_at",-1.91167322742936,9.78507871540659,-5.28474722258066,3.17390001304956e-05,0.00502477882614906,2.50469152619233,"NPIPB13","nuclear pore complex interacting protein family, member B13"
"159","211996_s_at",-1.91167322742936,9.78507871540659,-5.28474722258066,3.17390001304956e-05,0.00502477882614906,2.50469152619233,"NPIPB11","nuclear pore complex interacting protein family member B11"
"160","211996_s_at",-1.91167322742936,9.78507871540659,-5.28474722258066,3.17390001304956e-05,0.00502477882614906,2.50469152619233,"NPIPB5","nuclear pore complex interacting protein family member B5"
"43","203247_s_at",-0.820495420866173,8.8342408510035,-5.27937616370922,3.2137771864332e-05,0.00504314063699232,2.49298655410039,"ZNF24","zinc finger protein 24"
"6","200768_s_at",-1.03573813560887,11.0654658238865,-5.27513871807175,3.24559706487503e-05,0.00505745730046226,2.48375005321849,"MAT2A","methionine adenosyltransferase 2A"
"103","208246_x_at",-1.51060084482898,8.72779179450386,-5.26532880437464,3.32049636828874e-05,0.00513823753990124,2.46236040482129,NA,NA
"94","207730_x_at",-1.9337946082243,9.81158575174961,-5.26110437970952,3.353289058814e-05,0.00515319586879672,2.45314657029561,"TNFAIP8L1","TNF alpha induced protein 8 like 1"
"40","203054_s_at",0.947563175657242,9.59790531914709,5.25114892406169,3.43187773240154e-05,0.00518815395952082,2.43142611403583,"TCTA","T cell leukemia translocation altered"
"217","214999_s_at",-1.207979783553,4.50881484984599,-5.24939873471075,3.44588603872495e-05,0.00518815395952082,2.42760663792491,"RAB11FIP3","RAB11 family interacting protein 3"
"267","216858_x_at",-3.6498177797199,6.45559417257409,-5.25028450544988,3.43878918814426e-05,0.00518815395952082,2.42953971095685,NA,NA
"50","203692_s_at",-0.827506144242007,7.91034902206539,-5.23361986885283,3.57483137040887e-05,0.0053461723105249,2.39315899165208,"E2F3","E2F transcription factor 3"
"88","207535_s_at",-1.65529872665999,7.6500748519877,-5.22926139731076,3.6113056670067e-05,0.00536471494519402,2.38363966005219,"NFKB2","nuclear factor kappa B subunit 2"
"64","204842_x_at",-0.918305684805929,9.23039899178237,-5.22266434775907,3.66723440078881e-05,0.00537611737847218,2.36922767465919,"PRKAR2A","protein kinase cAMP-dependent type II regulatory subunit alpha"
"239","215587_x_at",-2.63740975198617,5.55436987785109,-5.22515847933211,3.6459868211742e-05,0.00537611737847218,2.37467685869081,NA,NA
"288","218881_s_at",-1.64535161769663,7.38426075762581,-5.21327195879841,3.74838360506587e-05,0.00545916548180933,2.34870197582726,"FOSL2","FOS like 2, AP-1 transcription factor subunit"
"89","207574_s_at",-1.94680766270349,10.8209457640837,-5.1930050902148,3.9297583805045e-05,0.00563621892775658,2.30438398397541,"GADD45B","growth arrest and DNA damage inducible beta"
"133","210794_s_at",-1.45222733941052,8.65511625694899,-5.19125487592922,3.94583383175527e-05,0.00563621892775658,2.30055499178828,"MEG3","maternally expressed 3"
"174","212940_at",-2.92520948908416,7.2393671865245,-5.1938706696975,3.92183276167545e-05,0.00563621892775658,2.30627753317041,"COL6A1","collagen type VI alpha 1 chain"
"87","207499_x_at",-2.20806053910781,7.27667057370631,-5.17150314795482,4.13194753891441e-05,0.00570100213172193,2.25732438954977,"UNC45A","unc-45 myosin chaperone A"
"116","208930_s_at",-2.41485467484276,6.04716059522962,-5.18308935174855,4.02172011642812e-05,0.00570100213172193,2.28268737690363,"ILF3","interleukin enhancer binding factor 3"
"177","212974_at",-0.906378363833137,7.36882652853353,-5.1715029871604,4.13194908975821e-05,0.00570100213172193,2.25732403747629,"DENND3","DENN domain containing 3"
"212","214726_x_at",-0.894388288717485,9.22013588056572,-5.17722280190018,4.07715434028643e-05,0.00570100213172193,2.26984660797888,"ADD1","adducin 1"
"257","216144_at",-3.04444659821734,4.19558573334776,-5.17615139214092,4.08736179182236e-05,0.00570100213172193,2.26750116016204,NA,NA
"292","219678_x_at",-0.89356400701574,8.89721888180189,-5.17018355175286,4.14469481370979e-05,0.00570100213172193,2.25443494023122,"DCLRE1C","DNA cross-link repair 1C"
"185","213672_at",-2.37823205780537,5.03749302554227,-5.16567157107002,4.18858290985487e-05,0.00572602410922062,2.24455412299733,"MARS1","methionyl-tRNA synthetase 1"
"242","215604_x_at",-1.76924647163416,7.53769238492954,-5.15586595451868,4.28559633981361e-05,0.00582292336829675,2.22307449852412,NA,NA
"314","221829_s_at",-1.05395338098419,10.6985826920657,-5.14525885103378,4.39311023765592e-05,0.00593282881367799,2.19982962832678,"TNPO1","transportin 1"
"137","211016_x_at",-1.4885905189612,6.83078170744702,-5.13894486182557,4.45840489514523e-05,0.00598473712521212,2.1859881973118,"HSPA4","heat shock protein family A (Hsp70) member 4"
"81","206824_at",-1.90939355631382,3.64427237504046,-5.12911028659692,4.5620747600685e-05,0.00608722825620398,2.16442208879591,"CES1P1","carboxylesterase 1 pseudogene 1"
"112","208813_at",0.674557595811017,8.32631660382978,5.12097700860687,4.64965689076596e-05,0.00616716098196058,2.14658042526584,"GOT1","glutamic-oxaloacetic transaminase 1"
"227","215179_x_at",-1.46162187745259,9.27916494808353,-5.11376373840426,4.72875896728357e-05,0.00623496663124141,2.13075220557135,"PGF","placental growth factor"
"29","201927_s_at",-1.56852270395518,6.57883275019996,-5.1082899184976,4.78969608662498e-05,0.0062633838439794,2.11873793885959,"PKP4","plakophilin 4"
"39","202879_s_at",-1.80787627360235,6.62887890699081,-5.09288384310094,4.96551547433831e-05,0.0062633838439794,2.08491018452487,"CYTH1","cytohesin 1"
"66","205037_at",0.770566374364602,8.1143489362842,5.08964644819477,5.0032864705306e-05,0.0062633838439794,2.07779917380742,"IFT27","intraflagellar transport 27"
"73","206061_s_at",-1.09875192890321,8.38638769796451,-5.08966461105269,5.00307375182036e-05,0.0062633838439794,2.07783907136959,"DICER1","dicer 1, ribonuclease III"
"146","211527_x_at",-2.58905851369153,6.46796884450238,-5.09011127252691,4.99784545355066e-05,0.0062633838439794,2.07882022461248,"VEGFA","vascular endothelial growth factor A"
"170","212722_s_at",-0.825111805540932,7.72778786776046,-5.10484703517314,4.82843143178901e-05,0.0062633838439794,2.11117999226273,"JMJD6","jumonji domain containing 6, arginine demethylase and lysine hydroxylase"
"229","215248_at",-3.43638344167478,5.58809609775578,-5.08971022194576,5.00253960924081e-05,0.0062633838439794,2.07793926271891,"GRB10","growth factor receptor bound protein 10"
"244","215628_x_at",-1.18437067539875,8.59201152299737,-5.09274961039829,4.96707581739687e-05,0.0062633838439794,2.08461535674754,NA,NA
"320","222207_x_at",-1.06384393665827,8.42153760226863,-5.10415159034074,4.8362942755028e-05,0.0062633838439794,2.10965320409665,NA,NA
"10","200841_s_at",-2.29429961741187,5.6794240557977,-5.07504226458715,5.17733113048817e-05,0.00644505416651776,2.04570994876585,"EPRS1","glutamyl-prolyl-tRNA synthetase 1"
"246","215819_s_at",1.9304519827831,6.20873200510409,5.07041193531354,5.23378523514895e-05,0.00647913535526801,2.03553223193616,"RHCE","Rh blood group CcEe antigens"
"247","215819_s_at",1.9304519827831,6.20873200510409,5.07041193531354,5.23378523514895e-05,0.00647913535526801,2.03553223193616,"RHD","Rh blood group D antigen"
"3","200593_s_at",-0.778178520197926,10.0615885096826,-5.06635448516163,5.28376769337861e-05,0.00650487268019644,2.02661229374028,"HNRNPU","heterogeneous nuclear ribonucleoprotein U"
"54","203869_at",0.841037217841911,7.44746010857291,5.06262410129066,5.3301481589941e-05,0.00652591711136624,2.01841019841829,"USP46","ubiquitin specific peptidase 46"
"72","205745_x_at",-0.828308130499717,8.35075256169516,-5.05886236633508,5.37733652922717e-05,0.0065477152940311,2.01013802742918,"ADAM17","ADAM metallopeptidase domain 17"
"32","202354_s_at",-1.45980114542675,7.51039873852209,-5.04186916624846,5.59584046962966e-05,0.00666802744303517,1.97275526572884,"GTF2F1","general transcription factor IIF subunit 1"
"56","203972_s_at",0.794074164002796,9.00152105899913,5.04764114711298,5.52063083849461e-05,0.00666802744303517,1.98545544291001,"PEX3","peroxisomal biogenesis factor 3"
"138","211027_s_at",-2.52334550468807,5.13316313866535,-5.04332073994206,5.57682906510641e-05,0.00666802744303517,1.97594943516801,"IKBKB","inhibitor of nuclear factor kappa B kinase subunit beta"
"183","213556_at",1.40028992506843,6.75090544685695,5.04410478891901,5.56658754694501e-05,0.00666802744303517,1.97767465523107,"PINLYP","phospholipase A2 inhibitor and LY6/PLAUR domain containing"
"113","208835_s_at",-1.18659552742301,9.54742438329182,-5.03532698867868,5.68234272894891e-05,0.00673508739516854,1.95835721292519,"LUC7L3","LUC7 like 3 pre-mRNA splicing factor"
"83","207186_s_at",-1.12617451862089,9.3394267016333,-5.02869307363135,5.77144246997138e-05,0.00680450013536361,1.94375381407432,"BPTF","bromodomain PHD finger transcription factor"
"27","201808_s_at",-2.10504794457191,7.67378428061465,-5.01349502820266,5.98094283908314e-05,0.00701438680438367,1.91028501854998,"ENG","endoglin"
"319","222145_at",-2.38190775175606,5.52201461877328,-5.00591816102007,6.08825017161515e-05,0.00710285228136651,1.89359273625139,NA,NA
"15","201072_s_at",-1.17632708061195,7.17962609876019,-4.98686557913026,6.36678484811527e-05,0.00717896337119482,1.85159944901733,"SMARCC1","SWI/SNF related BAF chromatin remodeling complex subunit C1"
"22","201570_at",0.58306525375999,9.56999197202382,4.99271738550221,6.27988861752122e-05,0.00717896337119482,1.8645001805846,"SAMM50","SAMM50 sorting and assembly machinery component"
"31","202340_x_at",-2.95249713006646,8.04103203948643,-4.99886778388055,6.18985301595383e-05,0.00717896337119482,1.87805639550943,"NR4A1","nuclear receptor subfamily 4 group A member 1"
"171","212732_at",-2.01307980207302,6.3442633138701,-4.99032875522369,6.31521245133397e-05,0.00717896337119482,1.85923458293156,"MEG3","maternally expressed 3"
"232","215387_x_at",-2.56109735313142,5.91321328307536,-4.99013905248018,6.31802645033526e-05,0.00717896337119482,1.85881637576383,NA,NA
"287","218811_at",-1.50538529385577,5.5139372821757,-4.99313427514069,6.27374406750085e-05,0.00717896337119482,1.86541914566368,"ORAI2","ORAI calcium release-activated calcium modulator 2"
"297","220240_s_at",1.05108876338866,9.10875038187428,4.98604882118298,6.37900977200814e-05,0.00717896337119482,1.84979864241666,"TMCO3","transmembrane and coiled-coil domains 3"
"258","216187_x_at",-1.85565323351933,10.1439734774936,-4.9730328710683,6.57706819817477e-05,0.00732824668757568,1.8210940686192,NA,NA
"312","221742_at",-0.786519174891925,8.71859654881694,-4.973009282069,6.57743274027347e-05,0.00732824668757568,1.82104203549248,"CELF1","CUGBP Elav-like family member 1"
"248","215920_s_at",-2.20361643640298,6.45222483412251,-4.96938970278511,6.63361256394651e-05,0.00735406909265772,1.81305740320663,"PDXDC2P-NPIPB14P","PDXDC2P-NPIPB14P readthrough, transcribed pseudogene"
"249","215920_s_at",-2.20361643640298,6.45222483412251,-4.96938970278511,6.63361256394651e-05,0.00735406909265772,1.81305740320663,"NPIPB15","nuclear pore complex interacting protein family member B15"
"250","215920_s_at",-2.20361643640298,6.45222483412251,-4.96938970278511,6.63361256394651e-05,0.00735406909265772,1.81305740320663,"NPIPA3","nuclear pore complex interacting protein family member A3"
"251","215920_s_at",-2.20361643640298,6.45222483412251,-4.96938970278511,6.63361256394651e-05,0.00735406909265772,1.81305740320663,"NPIPA2","nuclear pore complex interacting protein family member A2"
"252","215920_s_at",-2.20361643640298,6.45222483412251,-4.96938970278511,6.63361256394651e-05,0.00735406909265772,1.81305740320663,"NPIPB11","nuclear pore complex interacting protein family member B11"
"253","215920_s_at",-2.20361643640298,6.45222483412251,-4.96938970278511,6.63361256394651e-05,0.00735406909265772,1.81305740320663,"NPIPA5","nuclear pore complex interacting protein family member A5"
"254","215920_s_at",-2.20361643640298,6.45222483412251,-4.96938970278511,6.63361256394651e-05,0.00735406909265772,1.81305740320663,"NPIPB9","nuclear pore complex interacting protein family member B9"
"255","215920_s_at",-2.20361643640298,6.45222483412251,-4.96938970278511,6.63361256394651e-05,0.00735406909265772,1.81305740320663,"NPIPA8","nuclear pore complex interacting protein family member A8"
"221","215123_at",-2.21602926013781,7.4226782081231,-4.96146044077272,6.75838794526392e-05,0.00745530488041168,1.79556244282461,"NPIPB3","nuclear pore complex interacting protein family member B3"
"222","215123_at",-2.21602926013781,7.4226782081231,-4.96146044077272,6.75838794526392e-05,0.00745530488041168,1.79556244282461,"NPIPB4","nuclear pore complex interacting protein family member B4"
"223","215123_at",-2.21602926013781,7.4226782081231,-4.96146044077272,6.75838794526392e-05,0.00745530488041168,1.79556244282461,"NPIPA3","nuclear pore complex interacting protein family member A3"
"224","215123_at",-2.21602926013781,7.4226782081231,-4.96146044077272,6.75838794526392e-05,0.00745530488041168,1.79556244282461,"NPIPA2","nuclear pore complex interacting protein family member A2"
"225","215123_at",-2.21602926013781,7.4226782081231,-4.96146044077272,6.75838794526392e-05,0.00745530488041168,1.79556244282461,"NPIPB11","nuclear pore complex interacting protein family member B11"
"226","215123_at",-2.21602926013781,7.4226782081231,-4.96146044077272,6.75838794526392e-05,0.00745530488041168,1.79556244282461,"NPIPB5","nuclear pore complex interacting protein family member B5"
"37","202760_s_at",-1.36712116267691,8.52221723162344,-4.95368795770681,6.88300332846392e-05,0.00751738416363735,1.77840895452589,"PALM2AKAP2","PALM2 and AKAP2 fusion"
"48","203496_s_at",-3.01735674197124,5.08243817551933,-4.955611344746,6.85195084889524e-05,0.00751738416363735,1.7826541824726,"MED1","mediator complex subunit 1"
"127","210006_at",1.24826585168037,9.6624785030461,4.95166162646103,6.91587198108718e-05,0.00751738416363735,1.77393622338467,"ABHD14A","abhydrolase domain containing 14A"
"67","205078_at",0.798713524389443,8.80639022678332,4.93714007277526,7.15612071705425e-05,0.00754194176366622,1.74187412393537,"PIGF","phosphatidylinositol glycan anchor biosynthesis class F"
"114","208879_x_at",-1.82809996606216,6.32063005472378,-4.92983753730971,7.28011172512504e-05,0.00754194176366622,1.72574522606642,"PRPF6","pre-mRNA processing factor 6"
"117","208961_s_at",-1.18837535773996,10.6180453499408,-4.93842206298371,7.1345752072313e-05,0.00754194176366622,1.74470523045014,"KLF6","KLF transcription factor 6"
"155","211992_at",-0.965809985891491,9.73872064352053,-4.93269417267021,7.23135149136705e-05,0.00754194176366622,1.73205504027867,"WNK1","WNK lysine deficient protein kinase 1"
"211","214715_x_at",-1.85078783625548,8.89684655848415,-4.92865318986971,7.30042496488712e-05,0.00754194176366622,1.72312903934802,"ZNF160","zinc finger protein 160"
"216","214951_at",-0.935805687510655,6.53986825421911,-4.93599621508024,7.1754003348382e-05,0.00754194176366622,1.73934796680406,"SLC26A10P","solute carrier family 26 member 10, pseudogene"
"245","215660_s_at",-2.5731731706587,5.5213894847374,-4.93134649738822,7.25431378343195e-05,0.00754194176366622,1.72907832966006,"MAST2","microtubule associated serine/threonine kinase 2"
"256","215978_x_at",-1.53831059499463,8.88503007250795,-4.94767693174339,6.98097112500246e-05,0.00754194176366622,1.76513992576447,"ZNF721","zinc finger protein 721"
"272","217326_x_at",1.6020379574951,3.7644393453175,4.93263715372863,7.23232151317113e-05,0.00754194176366622,1.73192910088727,"IL23A","interleukin 23 subunit alpha"
"285","218271_s_at",0.837750013569275,10.859598105279,4.94193609984361,7.07585337944989e-05,0.00754194176366622,1.75246492084811,"PARL","presenilin associated rhomboid like"
"286","218709_s_at",0.777249065020568,9.5704656466973,4.92805117081366,7.31077243168291e-05,0.00754194176366622,1.72179916032724,"IFT52","intraflagellar transport 52"
"101","208134_x_at",1.40411659145655,5.76206476636106,4.92311213439393,7.39622679108486e-05,0.00759493647860571,1.71088771894208,"PSG2","pregnancy specific beta-1-glycoprotein 2"
"176","212954_at",1.04089281737954,8.60212110164839,4.91552825618754,7.52941439075673e-05,0.00769623581968956,1.69412993302395,"DYRK4","dual specificity tyrosine phosphorylation regulated kinase 4"
"69","205457_at",-1.41114155596234,6.73455021180872,-4.90643494666184,7.69231535814781e-05,0.00782684306509624,1.67403160572954,"ILRUN","inflammation and lipid regulator with UBA-like and NBR1-like domains"
"279","217924_at",-1.9801074151152,6.97895756899657,-4.90363771416185,7.74313994187032e-05,0.00784274487839529,1.66784793815978,"ILRUN","inflammation and lipid regulator with UBA-like and NBR1-like domains"
"268","217007_s_at",-1.78952942991456,7.13794873623302,-4.89672847660072,7.87013924886999e-05,0.00793530827522941,1.65257185010579,"ADAM15","ADAM metallopeptidase domain 15"
"65","204963_at",1.21660355185277,9.57504919015852,4.88655277408567,8.0610285114837e-05,0.00799756905985949,1.63006789416789,"SSPN","sarcospan"
"218","215033_at",-2.07398804395151,4.50277448633036,-4.88903461614673,8.01404315877128e-05,0.00799756905985949,1.63555721863513,"TM4SF1","transmembrane 4 L six family member 1"
"274","217617_at",-2.83382292120936,4.88339050878209,-4.8857938211688,8.07545231103705e-05,0.00799756905985949,1.62838916485108,NA,NA
"293","219892_at",1.09804023176856,9.95093199794952,4.88838707963268,8.02627530904177e-05,0.00799756905985949,1.63412504036722,"TM6SF1","transmembrane 6 superfamily member 1"
"62","204560_at",-3.65805694792536,6.15494308146863,-4.87801362080178,8.2248283407751e-05,0.00810946238572972,1.61117793600539,"FKBP5","FKBP prolyl isomerase 5"
"1","200041_s_at",-0.597286390001921,11.8247856092003,-4.87073972364262,8.36701137278581e-05,0.00821330900527693,1.59508315968429,"DDX39B","DExD-box helicase 39B"
"2","200041_s_at",-0.597286390001921,11.8247856092003,-4.87073972364262,8.36701137278581e-05,0.00821330900527693,1.59508315968429,"ATP6V1G2-DDX39B","ATP6V1G2-DDX39B readthrough (NMD candidate)"
"194","214587_at",2.4932607010793,5.41838338413456,4.86810205515447,8.41918202440895e-05,0.00822827337938178,1.58924600601056,"COL8A1","collagen type VIII alpha 1 chain"
"184","213619_at",-1.25121395948078,11.10312665345,-4.86552671714052,8.47043730613066e-05,0.0082422163533847,1.58354635639678,NA,NA
"42","203226_s_at",0.679775381484173,9.84441011652268,4.85417928584217,8.70006368617148e-05,0.00833315239454154,1.5584275543744,"TSPAN31","tetraspanin 31"
"150","211944_at",-0.966444083154526,8.63444232872693,-4.85352574245472,8.71347892082834e-05,0.00833315239454154,1.5569806140617,"PRRC2C","proline rich coiled-coil 2C"
"289","219070_s_at",0.551805484873491,8.69561626718938,4.85775835961828,8.62696585370059e-05,0.00833315239454154,1.56635111802498,"MOSPD3","motile sperm domain containing 3"
"291","219641_at",0.684349225922492,8.42349787437171,4.85373829436957,8.70911359020944e-05,0.00833315239454154,1.55745120541957,"DET1","DET1 partner of COP1 E3 ubiquitin ligase"
"315","221899_at",-1.83657959476536,9.34419326817405,-4.84796050994272,8.82856690177276e-05,0.00840713488342745,1.54465813903149,"N4BP2L2","NEDD4 binding protein 2 like 2"
"85","207365_x_at",-1.78235056934606,9.12479289377604,-4.83940222693012,9.00855770775428e-05,0.00843574534802629,1.525704703775,"USP34","ubiquitin specific peptidase 34"
"92","207661_s_at",-1.2668398666978,6.55298272843935,-4.8415569948535,8.96289382801202e-05,0.00843574534802629,1.53047714782716,"SH3PXD2A","SH3 and PX domains 2A"
"102","208238_x_at",-1.12990216771848,9.3065876039966,-4.83933242840787,9.01004080613139e-05,0.00843574534802629,1.52555010712488,NA,NA
"321","222303_at",-2.24686168349269,8.29658892293277,-4.84271767461471,8.93839374081914e-05,0.00843574534802629,1.53304773650156,NA,NA
"167","212177_at",-1.28452374335604,7.88717211719836,-4.8329286510004,9.14716572410036e-05,0.00852386498351913,1.51136511130426,"PNISR","PNN interacting serine and arginine rich protein"
"323","AFFX-BioC-3_at",-0.663322712517191,9.59606515162201,-4.83137897324324,9.18066506325267e-05,0.00852386498351913,1.5079320444298,NA,NA
"278","217878_s_at",-0.917463667876958,7.29854467057051,-4.82932977521945,9.22515304356611e-05,0.0085296300941819,1.50339214382127,"CDC27","cell division cycle 27"
"33","202379_s_at",-1.7532310150894,9.71528778706121,-4.82366370425307,9.34930091230017e-05,0.00860869719953656,1.49083790436898,"NKTR","natural killer cell triggering receptor"
"28","201868_s_at",-1.94412174140917,5.36025591229748,-4.80957098995363,9.66545784190011e-05,0.00862806601530868,1.45960449077516,"TBL1X","transducin beta like 1 X-linked"
"41","203056_s_at",-1.90501668413162,5.71342482428467,-4.8162155288226,9.51506927299999e-05,0.00862806601530868,1.47433213283155,"PRDM2","PR/SET domain 2"
"44","203387_s_at",0.770378943290973,8.977676983321,4.81090262280391,9.63512716520805e-05,0.00862806601530868,1.4625562691056,"TBC1D4","TBC1 domain family member 4"
"129","210319_x_at",1.2591116097735,7.16893537781276,4.80817478160671,9.69736299690657e-05,0.00862806601530868,1.45650945802875,"MSX2","msh homeobox 2"
"140","211074_at",-1.19466313768842,9.44520372680289,-4.81921080476843,9.44805148085291e-05,0.00862806601530868,1.48097031177293,"FOLR1","folate receptor alpha"
"154","211973_at",-0.924873149457608,7.02215210022037,-4.81372609850297,9.57113452832686e-05,0.00862806601530868,1.4688146095879,"NUDT3","nudix hydrolase 3"
"195","214657_s_at",-2.1176482838861,8.70935118876706,-4.80700326285525,9.72421581722885e-05,0.00862806601530868,1.45391241537055,"NEAT1","nuclear paraspeckle assembly transcript 1"
"213","214840_at",-1.54798397009793,5.12844798864754,-4.80605969216425,9.74589838400839e-05,0.00862806601530868,1.45182063315717,"TOM1L2","target of myb1 like 2 membrane trafficking protein"
"265","216745_x_at",-1.78979485521673,6.66955187618671,-4.81706610118259,9.49598944116701e-05,0.00862806601530868,1.47621723958485,NA,NA
"303","220796_x_at",-1.72870435234382,9.42117463542528,-4.80555395376654,9.75753998948879e-05,0.00862806601530868,1.45069945071337,"SLC35E1","solute carrier family 35 member E1"
"71","205475_at",2.37028543108282,10.51553675192,4.80151789156462,9.85095124747715e-05,0.00867623504535705,1.4417512800509,"SCRG1","stimulator of chondrogenesis 1"
"282","218190_s_at",0.670303130453956,11.974673117537,4.79480184850456,0.000100083958960264,0.00874961345580165,1.42685934416047,"UQCR10","ubiquinol-cytochrome c reductase, complex III subunit X"
"310","221628_s_at",-2.25250973304363,5.93720257995925,-4.79461567366544,0.000100127964422628,0.00874961345580165,1.4264464889513,"GLYR1","glyoxylate reductase 1 homolog"
"100","208109_s_at",-2.783016242099,5.58662485559962,-4.78883931583238,0.000101503057997992,0.00883512750534868,1.41363603845535,"LINC00597","long intergenic non-protein coding RNA 597"
"240","215597_x_at",-2.08624279478744,4.61308745510876,-4.78293781790496,0.000102927651644429,0.00892426794394091,1.40054609406894,NA,NA
"36","202643_s_at",-1.155951748073,8.52181556381361,-4.7778148878384,0.000104180673060637,0.00892868437619298,1.38918147316234,"TNFAIP3","TNF alpha induced protein 3"
"197","214693_x_at",-2.39030480928927,9.70557630844179,-4.77833570612454,0.000104052585120939,0.00892868437619298,1.39033691490034,"NBPF14","NBPF member 14"
"198","214693_x_at",-2.39030480928927,9.70557630844179,-4.77833570612454,0.000104052585120939,0.00892868437619298,1.39033691490034,"NBPF1","NBPF member 1"
"199","214693_x_at",-2.39030480928927,9.70557630844179,-4.77833570612454,0.000104052585120939,0.00892868437619298,1.39033691490034,"NBPF12","NBPF member 12"
"200","214693_x_at",-2.39030480928927,9.70557630844179,-4.77833570612454,0.000104052585120939,0.00892868437619298,1.39033691490034,"NBPF11","NBPF member 11"
"201","214693_x_at",-2.39030480928927,9.70557630844179,-4.77833570612454,0.000104052585120939,0.00892868437619298,1.39033691490034,"NBPF15","NBPF member 15"
"202","214693_x_at",-2.39030480928927,9.70557630844179,-4.77833570612454,0.000104052585120939,0.00892868437619298,1.39033691490034,"NBPF9","NBPF member 9"
"203","214693_x_at",-2.39030480928927,9.70557630844179,-4.77833570612454,0.000104052585120939,0.00892868437619298,1.39033691490034,"NBPF8","NBPF member 8"
"204","214693_x_at",-2.39030480928927,9.70557630844179,-4.77833570612454,0.000104052585120939,0.00892868437619298,1.39033691490034,"NBPF10","NBPF member 10"
"205","214693_x_at",-2.39030480928927,9.70557630844179,-4.77833570612454,0.000104052585120939,0.00892868437619298,1.39033691490034,"NBPF20","NBPF member 20"
"206","214693_x_at",-2.39030480928927,9.70557630844179,-4.77833570612454,0.000104052585120939,0.00892868437619298,1.39033691490034,"NOTCH2NLB","notch 2 N-terminal like B"
"207","214693_x_at",-2.39030480928927,9.70557630844179,-4.77833570612454,0.000104052585120939,0.00892868437619298,1.39033691490034,"NBPF19","NBPF member 19"
"208","214693_x_at",-2.39030480928927,9.70557630844179,-4.77833570612454,0.000104052585120939,0.00892868437619298,1.39033691490034,"NBPF26","NBPF member 26"
"209","214693_x_at",-2.39030480928927,9.70557630844179,-4.77833570612454,0.000104052585120939,0.00892868437619298,1.39033691490034,"NBPF25P","NBPF member 25, pseudogene"
"210","214693_x_at",-2.39030480928927,9.70557630844179,-4.77833570612454,0.000104052585120939,0.00892868437619298,1.39033691490034,"LOC102724250","neuroblastoma breakpoint family member 1-like"
"259","216205_s_at",-1.03464581829229,7.79443024648296,-4.77897884171039,0.000103894634459049,0.00892868437619298,1.39176369808923,"MFN2","mitofusin 2"
"172","212932_at",-0.776499199509282,8.05018623404406,-4.77544749262961,0.000104764911221513,0.00893414325565466,1.38392918674624,"RAB3GAP1","RAB3 GTPase activating protein catalytic subunit 1"
"175","212952_at",-1.04479176774868,8.18894459008755,-4.77431224128145,0.000105046247497263,0.00893414325565466,1.38141041513671,NA,NA
"16","201085_s_at",-1.67011270904153,7.97534204665659,-4.77081387972063,0.000105918014891889,0.008940042143318,1.3736481825245,"SON","SON DNA and RNA binding protein"
"190","214149_s_at",-1.23648456540914,7.71287559722457,-4.77114339364069,0.0001058355914903,0.008940042143318,1.37437934334959,"ATP6V0E1","ATPase H+ transporting V0 subunit e1"
"25","201683_x_at",-0.854663490288689,7.70941933404076,-4.76875427430357,0.000106434668274133,0.00894974986095286,1.36907797322673,"TOX4","TOX high mobility group box family member 4"
"231","215383_x_at",-1.24440526908007,8.5723079701676,-4.76584344587856,0.000107169195756365,0.00897763604901908,1.36261852448978,"SPG21","SPG21 abhydrolase domain containing, maspardin"
"75","206159_at",1.47191110837776,7.47150432171052,4.76010592609043,0.000108632046490926,0.00900936305307654,1.34988497888653,"GDF10","growth differentiation factor 10"
"196","214675_at",-1.93408155978796,4.58034276842747,-4.75902729392337,0.0001089093008418,0.00900936305307654,1.34749092017901,"NUP188","nucleoporin 188"
"261","216310_at",-1.81154889351012,7.85875765265491,-4.75803422247008,0.000109165194288501,0.00900936305307654,1.34528671052865,"TAOK1","TAO kinase 1"
"280","217937_s_at",-1.09230823667869,7.69112806246167,-4.76016740317936,0.000108616265752988,0.00900936305307654,1.35002142735836,"HDAC7","histone deacetylase 7"
"46","203479_s_at",-1.51206952528213,5.6568388768527,-4.74356287429047,0.000112963799284354,0.00922041149982875,1.31316028045209,"OTUD4","OTU deubiquitinase 4"
"74","206087_x_at",0.87086620286464,9.4039105859025,4.74546031665034,0.000112458231200057,0.00922041149982875,1.31737324131432,"HFE","homeostatic iron regulator"
"145","211513_s_at",-2.43219427370867,5.89547576724286,-4.74391424885632,0.000112870003700657,0.00922041149982875,1.3139404645953,"OGFR","opioid growth factor receptor"
"142","211379_x_at",1.23740788130453,6.42456075103195,4.74163643827371,0.000113479440580233,0.0092286947972603,1.30888275017819,"B3GALNT1","beta-1,3-N-acetylgalactosaminyltransferase 1 (Globoside blood group)"
"283","218213_s_at",0.555345549396431,12.4209722300698,4.73981457778,0.000113969276993762,0.00923482690637093,1.30483724433918,"TMEM258","transmembrane protein 258"
"86","207435_s_at",-1.01046761257575,10.0150354182481,-4.73745779613607,0.000114606104060123,0.00925278194482506,1.29960367004784,"SRRM2","serine/arginine repetitive matrix 2"
"163","212044_s_at",-1.14317241400365,7.91689102045263,-4.73267390064485,0.000115909832315378,0.00932425557214285,1.28897945207571,"RPL27A","ribosomal protein L27a"
"264","216733_s_at",1.10356494831847,9.10973126368669,4.72905052385631,0.000116907247566261,0.00937066258100358,1.28093176359088,"GATM","glycine amidinotransferase"
"316","221943_x_at",-0.964095343961846,9.55920671090921,-4.7254351953402,0.000117911083523519,0.00941724972815263,1.27290128150463,"RPL38","ribosomal protein L38"
"76","206180_x_at",0.868008770280094,8.27342883790815,4.7213320418667,0.000119060915653635,0.00947512279824979,1.26378642342112,"ZNF747","zinc finger protein 747"
"82","207078_at",-2.40263221876606,4.93365267921895,-4.71367979599946,0.000121235639932274,0.00947892548986267,1.24678525416844,"MED6","mediator complex subunit 6"
"126","209959_at",-3.18521231324923,6.66760579346541,-4.7149289041977,0.000120877931559329,0.00947892548986267,1.24956062584032,"NR4A3","nuclear receptor subfamily 4 group A member 3"
"153","211969_at",-0.887351084477995,11.9965690406294,-4.71519251794004,0.000120802576455303,0.00947892548986267,1.25014633470224,"HSP90AA1","heat shock protein 90 alpha family class A member 1"
"215","214911_s_at",-0.787391813619777,10.2091880582296,-4.71708237139903,0.000120263740374462,0.00947892548986267,1.25434519474903,"BRD2","bromodomain containing 2"
"296","220221_at",-2.31996741686327,5.20757127659184,-4.71561703661221,0.000120681325637306,0.00947892548986267,1.25108954210463,"VPS13D","vacuolar protein sorting 13 homolog D"
"52","203829_at",0.633602522870584,8.27286932849933,4.70576860173649,0.000123526120587041,0.00962423966797565,1.22920572163904,"ELP4","elongator acetyltransferase complex subunit 4"
"148","211812_s_at",1.1050563147483,7.29865733621993,4.70049194186906,0.000125078070416539,0.00971120084700952,1.21747871052262,"B3GALNT1","beta-1,3-N-acetylgalactosaminyltransferase 1 (Globoside blood group)"
"18","201259_s_at",0.678128621477093,10.4715690723164,4.69529153808947,0.00012662684383032,0.00976341163000352,1.20591985937591,"SYPL1","synaptophysin like 1"
"58","204058_at",0.774136986958005,8.21109803103936,4.6955851758151,0.000126538880008786,0.00976341163000352,1.20657255756687,"ME1","malic enzyme 1"
"180","213281_at",-1.16775028978272,8.1028848058525,-4.69144359713543,0.000127785273411721,0.00981875602563235,1.19736627385271,"JUN","Jun proto-oncogene, AP-1 transcription factor subunit"
